temperature,pressure,flow_rate,voltage,current,rpm,vibration,humidity,power_consumption,response_time,packet_size,command_frequency,error_rate,network_latency,label,industry
0.0059,107.19,74.67,223.14,9.05,0.0038,2.53,49.98,22.71,0.0094,498.6,0.0009,0.03,39.15,1,power_plant
67.35,160.48,90.81,223.4,0.0084,2038.41,3.55,52.39,0.0097,55.71,391.7,0.0001,0.03,26.58,1,power_plant
75.36,152.92,111.29,231.19,23.12,10800.0,32.18,37.1,37.88,48.09,404.08,12.9,0.0,28.53,1,power_plant
67.24,29.51,95.25,234.64,13.81,2016.23,2.4,51.06,71.55,170.09,577.85,10.43,0.04,30.21,1,power_plant
62.58,116.32,455.65,228.9,23.57,2583.89,3.09,58.24,35.31,70.92,472.55,12.03,0.03,207.71,1,power_plant
54.94,139.17,383.63,220.97,147.75,9875.3,2.16,34.91,23.61,64.05,2979.5,13.85,0.03,29.57,1,power_plant
51.74,163.34,53.27,237.0,19.69,1973.19,3.7,40.86,32.6,61.94,6089.0,99.6,0.582,854.1,1,power_plant
75.76,600.0,66.07,750.0,18.89,2004.87,19.11,63.97,150.0,40.72,322.85,10.14,0.03,34.1,1,power_plant
76.95,156.66,93.64,235.53,20.08,2510.42,1.67,47.69,176.0,279.47,831.07,14.88,0.2,29.57,1,power_plant
350.21,731.01,134.52,225.69,26.27,15962.71,3.06,39.08,161.82,56.08,581.67,11.48,0.19,9.28,1,power_plant
81.42,142.27,58.63,242.36,0.008,2104.99,3.34,0.0094,16.3,53.51,775.82,11.71,0.03,9.89,1,power_plant
298.84,141.44,76.47,229.42,19.18,2210.58,16.95,35.12,22.16,55.93,571.57,6.47,0.02,13.35,1,power_plant
64.83,163.45,96.33,230.21,19.91,2198.82,14.88,43.59,30.01,90.75,655.07,74.79,0.01,25.96,1,power_plant
81.47,151.44,3.0,236.76,20.34,400.0,47.11,37.51,22.39,63.03,461.43,12.13,0.02,25.22,1,power_plant
-5.98,336.99,-65.35,239.36,-2.09,1907.7,4.08,37.81,37.17,-93.77,422.08,7.27,0.04,29.86,1,power_plant
60.55,159.89,120.93,221.97,20.57,2184.7,3.06,39.6,33.63,55.01,4045.0,133.6,0.549,532.8,1,power_plant
56.41,5.0,99.93,228.28,14.49,1981.46,21.42,36.05,125.0,52.16,32.0,8.76,0.01,24.19,1,power_plant
81.2,157.4,118.47,240.85,0.0097,2333.63,3.66,40.99,20.09,29.38,0.0015,6.34,0.04,25.89,1,power_plant
76.43,177.83,101.96,232.01,13.42,5359.31,10.51,51.65,89.37,63.87,638.29,14.08,0.07,59.96,1,power_plant
81.62,166.77,726.48,240.48,14.26,2109.98,2.9,283.64,25.48,31.28,277.79,5.92,0.04,26.83,1,power_plant
71.28,-87.72,36.12,223.16,17.73,2513.9,7.87,54.76,-30.43,156.51,2327.43,6.99,0.01,30.24,1,power_plant
65.51,500.0,80.83,222.55,0.5,2894.38,21.69,175.0,24.41,73.46,636.26,10.27,0.04,33.89,1,power_plant
65.5,150.01,88.26,281.95,50.01,2206.8,2.45,50.47,41.57,56.8,669.73,14.74,0.02,74.46,1,power_plant
38.1,132.47,68.72,235.61,15.97,2302.41,2.66,34.27,25.2,62.17,4029.0,81.0,0.314,812.2,1,power_plant
44.68,178.72,3.23,192.43,42.86,-1493.27,7.26,23.92,20.78,77.26,235.73,6.58,0.02,-23.24,1,power_plant
59.43,500.0,91.08,239.35,11.74,2786.51,26.08,10.0,150.0,72.24,453.9,1.0,0.02,30.31,1,power_plant
65.35,158.81,79.96,232.01,12.08,1883.01,3.04,48.83,20.07,38.84,4641.0,93.4,0.4,679.4,1,power_plant
60.56,203.19,90.67,232.68,28.25,1718.6,3.61,51.12,31.62,71.79,6149.0,89.8,0.393,593.2,1,power_plant
85.19,180.01,62.1,246.05,23.57,2722.42,3.68,68.57,18.12,45.81,5690.0,131.8,0.348,919.4,1,power_plant
66.52,151.83,88.05,226.33,126.13,1215.69,2.81,46.26,184.44,74.85,3236.39,5.88,0.01,27.01,1,power_plant
63.46,196.75,87.55,233.34,13.66,1645.43,2.14,50.0,33.59,65.77,6614.0,89.4,0.479,869.0,1,power_plant
65.75,144.67,78.85,232.96,0.5,2475.2,42.35,44.84,23.53,300.0,669.31,13.43,0.02,26.92,1,power_plant
72.83,154.32,-51.37,229.52,20.93,2227.36,1.99,41.33,82.6,33.06,-588.21,10.44,0.02,106.06,1,power_plant
73.68,165.67,94.09,230.22,18.42,2297.05,12.95,34.82,189.36,54.92,584.15,97.72,0.02,33.87,1,power_plant
73.02,84.18,68.77,625.0,13.29,2193.23,19.72,51.7,45.14,43.86,2560.0,4.2,0.04,28.46,1,power_plant
57.87,145.7,79.35,0.0007,20.42,2154.36,1.71,50.47,34.83,0.0031,720.33,0.0092,0.02,0.0027,1,power_plant
90.96,148.78,98.96,244.45,18.41,2464.38,3.07,48.35,17.84,38.42,2378.0,157.2,0.872,589.1,1,power_plant
71.58,171.26,103.16,234.19,-0.8,2080.74,8.11,99.47,-41.1,38.78,-884.09,-17.36,0.04,32.6,1,power_plant
73.75,161.03,67.38,235.54,0.0087,1609.99,3.25,40.61,25.8,0.0074,462.71,10.1,0.02,19.4,1,power_plant
80.72,0.0089,75.72,221.84,12.27,0.0073,3.14,0.0024,42.37,66.29,597.88,5.81,0.03,33.79,1,power_plant
60.4,500.0,131.77,228.74,2.5,1752.72,30.7,41.84,27.95,250.0,6.4,5.88,0.02,40.93,1,power_plant
89.87,146.34,72.89,223.87,15.16,2647.17,3.72,35.65,18.69,41.92,3120.0,104.0,0.347,813.2,1,power_plant
58.57,153.3,108.59,241.94,17.71,2009.06,2.75,45.42,24.01,54.73,7140.0,158.2,0.337,205.6,1,power_plant
71.81,114.31,69.08,0.0085,15.6,2553.54,1.93,0.0057,26.79,58.44,546.57,10.39,0.03,34.96,1,power_plant
61.88,187.47,112.37,230.04,20.29,9000.0,34.63,46.09,125.0,68.54,564.98,7.05,0.0,2.5,1,power_plant
75.1,198.52,55.47,224.66,20.8,2114.01,2.11,42.81,19.39,45.75,6258.0,94.7,0.395,809.5,1,power_plant
57.14,134.64,90.74,0.005,0.0065,0.0038,0.0042,45.32,30.51,56.42,481.53,13.52,0.03,29.24,1,power_plant
59.54,187.03,96.09,269.92,-7.2,-2602.71,2.0,57.25,24.39,60.75,-819.97,6.31,0.03,33.35,1,power_plant
73.74,157.2,476.83,240.8,17.57,1213.61,3.47,286.42,33.31,100.0,610.16,15.65,0.04,179.19,1,power_plant
58.82,131.94,681.61,226.71,19.82,9511.14,2.3,34.22,18.15,52.36,664.67,12.03,0.03,23.16,1,power_plant
53.1,168.53,0.0078,228.04,0.0065,1843.95,0.0089,46.65,31.04,58.99,0.0055,4.36,0.03,36.65,1,power_plant
63.31,290.95,87.6,233.9,-9.77,5421.47,2.49,54.44,15.08,64.13,501.38,16.15,0.07,23.06,1,power_plant
64.2,5.0,105.91,232.76,13.52,1911.48,36.13,57.93,27.75,75.14,3072.0,10.39,0.03,35.17,1,power_plant
63.59,145.85,103.93,239.06,16.7,1926.16,4.18,45.74,37.63,55.45,3231.0,95.6,0.734,447.8,1,power_plant
66.68,170.23,0.0041,0.0057,18.96,1672.12,3.0,46.69,33.17,54.26,587.72,7.4,0.0079,34.71,1,power_plant
71.28,865.04,94.21,240.15,16.83,1556.86,2.97,48.7,36.56,59.96,3111.28,80.99,0.04,25.33,1,power_plant
60.88,5.0,3.0,225.34,14.38,80.0,38.78,39.45,0.5,58.15,461.9,7.46,0.02,24.51,1,power_plant
60.59,153.67,115.85,105.0,23.14,1324.08,38.33,40.79,26.55,62.35,685.18,60.0,0.15,36.03,1,power_plant
72.63,154.09,116.34,195.44,15.31,-935.25,6.31,0.63,72.55,87.85,562.19,6.86,0.02,-16.95,1,power_plant
69.07,158.56,70.33,220.84,20.06,1578.41,3.32,43.82,32.87,40.24,5340.0,108.9,0.308,504.4,1,power_plant
63.97,181.24,101.87,230.73,23.02,2677.7,1.97,44.62,25.54,72.05,4578.0,137.3,0.343,901.3,1,power_plant
81.55,177.02,78.09,244.35,10.01,1893.16,39.35,10.0,0.5,50.18,232.2,7.75,0.03,45.48,1,power_plant
69.51,821.82,86.49,230.03,24.09,2378.29,17.18,41.55,35.48,370.36,716.18,72.16,0.02,28.12,1,power_plant
72.91,164.19,75.81,235.75,52.56,1584.82,3.16,-16.85,14.95,48.25,-755.2,10.11,0.03,79.3,1,power_plant
63.28,184.21,122.43,233.9,24.14,80.0,41.83,42.25,17.73,25.07,494.8,11.03,0.12,0.5,1,power_plant
0.0064,170.57,0.007,244.51,13.94,0.0022,2.39,49.8,32.95,55.18,0.0066,10.52,0.03,26.85,1,power_plant
63.22,142.69,76.19,238.19,11.39,-367.49,-3.36,36.94,86.19,71.35,518.14,-7.31,0.03,17.2,1,power_plant
84.04,187.49,3.0,233.09,20.38,9000.0,26.62,43.09,150.0,35.93,547.46,7.8,0.03,23.79,1,power_plant
68.46,117.3,62.93,272.38,12.01,2439.85,-3.34,94.46,32.9,185.15,592.87,32.35,0.09,30.33,1,power_plant
65.0,161.64,104.56,0.007,13.4,2476.14,2.16,55.99,30.51,59.63,595.56,8.98,0.02,0.0071,1,power_plant
52.27,123.41,3.0,105.0,14.46,9000.0,47.03,39.29,28.11,49.87,758.76,12.73,0.0,24.2,1,power_plant
89.36,0.0081,96.22,232.56,15.82,2259.79,1.03,0.0093,0.0063,0.009,543.1,15.91,0.02,36.88,1,power_plant
129.46,-41.54,-35.57,227.78,-21.13,2526.09,3.43,45.83,30.7,155.32,637.61,-16.87,0.02,28.69,1,power_plant
4.08,49.44,105.66,225.14,14.27,3144.98,2.47,57.46,40.3,49.8,639.98,12.4,-0.02,-15.06,1,power_plant
83.42,113.94,106.44,282.66,20.27,1128.49,-1.1,-16.11,33.93,74.12,344.65,12.71,0.03,26.63,1,power_plant
2.0,162.38,93.18,236.42,14.3,2732.55,40.83,42.24,2.5,43.9,499.55,6.85,0.01,0.5,1,power_plant
72.18,25.0,15.0,233.15,2.5,2418.56,38.34,51.16,23.68,67.91,524.71,13.48,0.03,34.26,1,power_plant
67.17,144.97,81.6,0.0065,12.74,0.001,0.0098,51.22,31.14,44.61,311.5,12.42,0.03,31.28,1,power_plant
2.0,175.21,79.11,234.53,20.11,80.0,32.82,50.48,16.82,62.98,632.71,0.5,0.03,32.53,1,power_plant
60.62,159.29,138.5,219.84,11.85,1784.43,12.77,41.0,210.68,43.81,620.67,10.83,0.04,19.07,1,power_plant
77.76,557.06,63.6,229.48,140.87,941.9,3.34,302.69,20.45,48.98,5095.39,17.39,0.13,28.86,1,power_plant
137.6,43.17,284.31,228.73,14.56,2397.57,7.8,-30.73,22.43,76.82,114.02,6.35,0.03,38.51,1,power_plant
59.44,158.39,89.77,229.24,17.48,80.0,16.53,44.48,25.45,56.62,588.69,50.0,0.03,22.4,1,power_plant
65.3,133.83,121.42,215.68,19.11,2594.49,3.9,40.13,13.45,71.13,4420.0,143.4,0.507,825.6,1,power_plant
64.4,641.05,118.64,227.82,22.76,11447.09,13.95,47.63,29.85,55.26,683.09,13.14,0.02,217.4,1,power_plant
64.08,181.97,103.48,232.83,19.92,1965.06,2.77,41.45,15.13,46.03,2438.0,87.4,0.817,354.0,1,power_plant
66.3,175.41,112.44,230.63,14.71,2828.68,2.72,52.57,25.16,58.54,4341.0,157.6,0.596,875.7,1,power_plant
67.06,138.69,94.01,235.52,21.74,2225.3,1.15,37.84,28.19,46.36,7333.0,136.8,0.832,869.2,1,power_plant
0.0096,0.0017,108.01,0.0049,16.88,2758.6,3.07,54.86,17.43,50.46,480.59,15.8,0.02,33.07,1,power_plant
0.0029,144.76,112.89,0.0017,10.17,0.0044,1.55,51.73,19.24,61.39,435.39,2.64,0.03,30.9,1,power_plant
414.17,194.75,104.96,218.77,13.94,2141.02,13.27,36.71,31.19,48.87,400.86,15.7,0.17,23.45,1,power_plant
64.43,162.9,75.36,706.11,15.43,9488.77,3.88,55.06,41.92,329.5,880.4,9.43,0.02,28.05,1,power_plant
69.1,155.59,108.58,236.53,16.82,2406.22,1.31,46.41,30.28,55.78,2732.0,89.7,0.542,767.8,1,power_plant
82.61,25.0,50.95,225.16,20.08,2221.69,16.64,36.64,125.0,90.53,3072.0,7.64,0.02,125.0,1,power_plant
2.0,179.46,3.0,235.81,17.1,1754.51,45.78,27.41,16.97,64.03,3072.0,60.0,0.02,21.23,1,power_plant
80.23,600.0,122.71,221.8,14.65,9000.0,36.57,50.17,30.78,48.82,679.55,10.81,0.03,33.04,1,power_plant
51.99,145.72,215.54,280.84,17.57,2552.43,1.85,50.25,-27.38,142.71,-797.56,4.51,0.03,30.02,1,power_plant
75.85,141.21,86.17,231.82,0.5,2291.15,39.25,175.0,24.48,60.39,32.0,5.68,0.03,0.5,1,power_plant
75.49,167.37,75.15,230.74,16.18,0.0029,0.0094,54.51,19.29,67.31,743.94,14.62,0.0076,0.0033,1,power_plant
78.19,25.0,104.39,105.0,23.8,2554.54,25.93,51.63,24.84,53.36,504.1,10.22,0.0,32.39,1,power_plant
66.49,148.42,73.49,750.0,20.47,80.0,37.13,62.64,24.08,49.89,32.0,8.57,0.02,43.05,1,power_plant
2.0,167.57,129.97,750.0,23.27,2492.04,42.79,45.13,150.0,66.58,846.72,9.69,0.03,15.58,1,power_plant
63.11,300.44,95.2,230.89,21.49,-1144.85,0.85,37.26,26.44,132.06,390.84,10.07,0.01,41.23,1,power_plant
71.41,500.0,102.05,625.0,18.36,1935.56,46.02,27.55,20.05,48.55,404.07,13.81,0.02,15.83,1,power_plant
50.75,181.17,94.01,105.0,12.98,9000.0,47.29,54.27,30.71,73.89,476.59,11.54,0.02,35.42,1,power_plant
104.37,169.3,105.82,231.42,19.3,1896.44,9.35,32.03,44.84,170.42,433.67,10.4,-0.04,23.35,1,power_plant
68.85,162.06,89.08,704.39,85.45,1506.59,21.55,45.14,20.73,56.74,4004.39,12.32,0.03,29.3,1,power_plant
136.52,339.7,91.83,242.26,16.96,-1138.83,3.09,48.04,29.37,-55.95,477.46,11.75,0.02,74.9,1,power_plant
58.41,178.79,114.29,218.48,18.1,2181.26,2.62,40.15,28.08,19.79,7419.0,195.8,0.397,815.6,1,power_plant
399.08,154.57,69.03,227.86,19.85,1571.38,3.23,254.68,31.86,84.06,676.54,12.21,0.22,30.72,1,power_plant
51.35,184.25,619.34,232.12,17.96,1804.87,2.91,39.42,24.91,331.28,2583.66,64.97,0.02,221.95,1,power_plant
66.95,172.82,92.86,219.35,18.55,2310.21,1.35,44.5,37.92,75.79,4243.0,155.1,0.47,784.1,1,power_plant
0.0015,167.94,126.09,218.77,0.0082,2402.37,3.29,48.92,19.16,45.51,588.37,10.26,0.0059,36.0,1,power_plant
53.0,143.17,106.56,241.85,7.66,1518.9,3.5,0.0072,32.22,0.0013,674.63,0.0067,0.02,30.73,1,power_plant
87.05,179.87,78.52,218.46,0.5,1383.71,36.9,50.06,125.0,51.79,488.84,0.1,0.15,35.26,1,power_plant
64.2,0.0053,115.12,0.0067,17.81,2364.01,0.0033,52.19,23.51,0.0005,641.35,9.74,0.03,39.96,1,power_plant
10.0,157.95,450.0,231.5,17.77,2500.29,26.49,60.3,150.0,17.79,736.03,14.71,0.03,37.42,1,power_plant
79.9,124.23,100.26,239.94,12.88,2278.84,1.76,36.24,38.37,55.62,6068.0,180.2,0.51,582.0,1,power_plant
66.46,115.62,88.17,223.02,24.68,2971.85,2.27,30.16,35.38,43.66,6817.0,102.9,0.582,783.4,1,power_plant
212.5,183.45,107.68,226.15,11.3,9000.0,18.76,55.26,31.47,66.33,2560.0,9.68,0.02,37.8,1,power_plant
357.26,951.79,89.32,763.81,18.82,2296.33,23.35,35.03,224.13,72.38,609.28,9.71,0.02,32.81,1,power_plant
61.45,186.94,80.45,232.75,2.5,1880.31,29.5,49.31,18.5,44.09,2560.0,9.17,0.03,25.2,1,power_plant
73.0,600.0,96.35,219.91,13.47,400.0,34.49,210.0,28.69,60.47,431.16,4.05,0.03,15.02,1,power_plant
66.84,122.66,208.77,178.42,13.09,2127.42,2.63,79.12,19.1,-77.71,632.1,12.81,0.02,25.31,1,power_plant
56.4,152.44,65.47,229.74,0.0053,0.0073,3.17,29.48,27.08,80.54,437.99,13.82,0.03,0.0048,1,power_plant
56.23,122.91,98.1,625.0,0.5,2659.92,32.29,41.21,18.69,47.34,636.56,0.5,0.03,26.15,1,water_treatment
43.12,86.15,450.0,226.47,2.5,3160.15,18.18,59.39,20.33,5.0,853.27,15.57,0.04,2.5,1,water_treatment
47.53,56.77,100.17,227.63,22.03,1734.44,2.9,28.44,33.05,63.98,7812.0,70.5,0.873,495.7,1,water_treatment
40.98,138.62,65.13,233.78,9.16,1852.18,0.0015,54.6,30.21,45.62,604.35,0.0029,0.03,11.69,1,water_treatment
0.0065,113.84,0.0031,232.76,16.31,0.0017,2.33,60.1,16.82,43.65,295.36,8.68,0.0082,26.42,1,water_treatment
-54.55,72.86,89.72,234.12,22.18,-387.18,3.06,55.3,34.15,-53.11,394.86,7.47,0.08,9.89,1,water_treatment
54.7,855.36,518.03,232.19,13.63,2459.99,3.51,43.96,20.63,336.86,390.33,10.89,0.02,12.49,1,water_treatment
53.19,124.36,71.27,217.69,20.02,2347.17,36.23,210.0,28.59,250.0,374.26,12.58,0.03,22.14,1,water_treatment
36.2,102.25,375.0,233.93,20.53,2995.63,39.95,56.49,28.2,56.63,814.59,13.25,0.03,0.5,1,water_treatment
42.94,97.13,103.75,233.18,17.96,2769.52,2.08,79.28,32.7,-83.54,482.03,-12.03,0.02,27.31,1,water_treatment
49.13,991.47,85.35,773.42,9.59,1601.7,1.95,39.15,14.0,304.67,3701.65,4.93,0.23,25.89,1,water_treatment
62.23,104.9,116.29,230.51,18.03,2011.39,2.14,50.68,26.63,33.7,3144.0,153.3,0.761,213.2,1,water_treatment
255.0,111.72,98.12,223.35,22.81,2767.87,23.18,37.1,150.0,44.55,3072.0,13.75,0.0,27.53,1,water_treatment
30.86,681.57,119.46,1213.94,11.88,2762.13,24.72,45.97,22.3,89.75,5081.94,6.34,0.03,22.16,1,water_treatment
55.5,68.3,-4.03,241.21,17.93,-1349.51,2.75,-14.87,38.06,53.32,302.49,10.82,0.02,31.01,1,water_treatment
51.24,117.14,87.14,174.71,24.18,1230.73,1.97,104.94,-26.52,-49.86,317.03,28.26,0.02,-16.74,1,water_treatment
35.76,115.85,549.45,236.64,24.32,1945.53,3.31,53.37,215.55,78.17,807.87,8.99,0.03,28.51,1,water_treatment
67.55,93.79,92.74,227.31,15.02,2226.62,3.53,283.58,24.65,68.5,532.37,12.18,0.03,193.03,1,water_treatment
32.46,65.77,115.68,232.36,23.47,2245.4,0.0013,0.0059,5.22,53.09,509.15,12.55,0.02,20.97,1,water_treatment
49.28,25.0,136.47,239.9,17.5,9000.0,18.78,43.88,0.5,61.27,538.35,50.0,0.02,43.22,1,water_treatment
212.5,25.0,89.08,21.0,15.54,2018.47,37.09,45.07,150.0,39.45,573.1,11.12,0.03,38.92,1,water_treatment
24.93,509.2,112.38,227.76,26.28,11880.21,3.1,51.41,40.51,51.58,2943.2,8.22,0.02,211.99,1,water_treatment
39.34,5.0,101.45,220.72,20.02,1959.59,42.11,45.5,29.45,37.86,2560.0,50.0,0.02,29.23,1,water_treatment
58.94,500.0,3.0,223.35,21.85,2508.82,18.0,51.47,125.0,83.85,568.24,9.67,0.03,32.03,1,water_treatment
30.97,89.63,74.86,231.64,17.67,1914.2,3.59,27.12,90.34,43.42,-537.66,10.64,0.03,70.88,1,water_treatment
0.0047,98.75,0.0013,218.34,21.87,2647.57,2.82,47.35,23.32,0.0043,509.89,15.31,0.01,0.0099,1,water_treatment
423.72,98.15,109.0,887.07,13.99,2742.17,2.23,330.32,23.5,60.84,3082.62,6.61,0.02,179.31,1,water_treatment
55.0,180.0,91.9,180.03,17.23,4340.0,-2.91,84.72,30.34,192.15,560.05,-4.73,0.02,27.95,1,water_treatment
55.76,116.67,86.07,221.14,18.17,80.0,15.58,42.34,19.81,250.0,660.53,11.83,0.02,125.0,1,water_treatment
43.2,129.56,74.1,233.96,12.61,2041.37,33.81,2.0,33.8,54.21,743.2,0.5,0.15,18.59,1,water_treatment
63.66,149.68,94.33,661.85,19.93,2462.09,4.13,39.24,230.2,36.39,692.68,7.83,0.03,29.58,1,water_treatment
338.01,141.93,88.5,234.35,20.7,1477.41,1.82,44.18,22.12,88.48,520.2,63.95,0.22,220.84,1,water_treatment
43.3,107.58,114.59,232.83,13.59,2771.35,3.61,44.93,25.42,54.42,5556.0,140.4,0.582,859.5,1,water_treatment
41.72,87.15,622.04,227.34,18.2,13017.71,3.32,41.76,29.51,332.11,3950.91,13.65,0.02,25.59,1,water_treatment
145.16,123.02,82.57,190.15,22.47,-386.23,3.46,122.1,27.0,-57.85,379.72,-10.04,0.01,30.37,1,water_treatment
47.96,126.81,99.46,222.88,22.27,1869.6,1.61,0.0003,25.88,56.76,0.0089,0.0024,0.0063,28.79,1,water_treatment
42.19,130.91,102.85,229.39,18.66,2521.13,3.53,48.19,37.15,46.23,3408.0,55.4,0.672,910.8,1,water_treatment
51.16,42.32,84.29,625.0,21.62,1752.74,18.21,30.46,19.09,39.6,769.46,50.0,0.03,16.24,1,water_treatment
43.24,72.98,102.49,232.64,17.72,2185.2,1.57,-18.1,-37.3,43.04,-464.64,14.35,0.02,36.01,1,water_treatment
43.42,122.0,71.96,234.13,18.94,400.0,28.33,210.0,20.43,71.55,989.61,9.72,0.02,150.0,1,water_treatment
327.25,94.36,105.16,233.41,23.69,17787.98,3.19,50.95,31.77,34.71,686.37,12.01,0.02,24.89,1,water_treatment
58.09,91.59,101.15,231.65,17.72,2227.85,3.45,61.02,27.25,54.02,2130.0,158.0,0.339,867.5,1,water_treatment
43.97,819.97,106.86,235.06,26.54,2214.6,3.32,299.9,29.13,77.61,536.93,7.15,0.02,28.3,1,water_treatment
62.97,100.22,112.18,233.35,19.34,2584.09,2.51,42.33,17.35,49.3,3435.0,154.5,0.766,281.1,1,water_treatment
50.23,114.58,605.86,219.31,142.2,1961.01,21.73,200.97,213.57,63.4,608.02,13.82,0.03,33.86,1,water_treatment
45.71,121.18,3.0,227.41,12.58,9000.0,18.02,175.0,21.18,45.03,407.2,9.31,0.0,36.05,1,water_treatment
56.38,88.29,77.93,232.99,17.82,2467.42,2.68,0.0094,25.55,0.0042,595.15,9.52,0.04,30.82,1,water_treatment
38.23,134.75,75.17,238.48,12.66,2956.01,37.8,175.0,25.6,59.54,32.0,60.0,0.03,9.82,1,water_treatment
37.67,898.92,116.98,985.61,99.91,2224.97,14.92,36.94,42.71,56.03,434.17,9.59,0.02,42.24,1,water_treatment
45.28,64.5,109.0,225.96,14.01,2167.98,3.12,61.15,22.11,54.95,6169.0,158.6,0.658,805.5,1,water_treatment
48.35,347.4,103.36,227.97,48.04,1718.1,-2.2,43.99,33.34,40.41,728.65,12.04,0.02,22.17,1,water_treatment
31.11,104.32,90.58,229.97,20.59,2449.44,3.6,42.13,26.8,60.96,7436.0,184.9,0.826,516.3,1,water_treatment
62.83,-74.24,111.15,230.21,17.16,1544.09,3.1,57.96,16.25,58.74,2125.87,9.64,0.04,94.31,1,water_treatment
36.38,147.51,65.17,223.15,20.49,1942.2,20.09,56.51,30.88,40.66,3072.0,0.5,0.02,125.0,1,water_treatment
61.98,81.8,72.29,271.63,19.06,2281.78,-1.64,109.59,44.79,139.29,-951.43,13.26,0.02,23.57,1,water_treatment
10.0,117.32,44.77,227.26,12.3,2564.24,49.16,175.0,125.0,64.13,300.87,0.1,0.03,19.78,1,water_treatment
50.62,-89.84,229.37,181.48,18.11,2452.85,3.35,30.24,25.8,109.28,745.54,-15.64,0.03,25.66,1,water_treatment
37.32,-11.51,-53.14,230.59,17.11,2901.4,4.23,50.76,19.7,39.55,-442.92,-11.44,0.03,21.55,1,water_treatment
44.12,103.3,-60.15,240.43,11.19,-259.17,-4.31,-24.28,34.18,50.64,-887.46,-14.85,0.03,28.33,1,water_treatment
0.0027,135.43,74.3,236.86,0.0071,2434.43,0.0045,49.95,25.27,34.75,560.56,9.59,0.03,38.99,1,water_treatment
36.05,720.67,63.42,240.09,114.45,2515.36,1.14,261.38,12.57,49.99,626.63,82.41,0.02,176.51,1,water_treatment
-35.39,77.71,88.23,227.84,-0.14,-772.8,8.02,23.86,25.8,-36.72,-400.68,7.43,0.02,19.88,1,water_treatment
134.83,103.55,85.84,174.23,13.32,1510.39,2.3,94.6,29.44,151.22,149.21,15.01,0.08,36.22,1,water_treatment
37.47,135.16,86.12,238.43,22.7,1779.48,1.99,0.0058,0.0007,0.0019,587.22,0.0027,0.04,14.85,1,water_treatment
49.91,88.51,83.55,229.5,13.0,1549.47,8.1,105.15,74.47,71.87,541.9,9.68,0.02,26.77,1,water_treatment
355.3,107.33,58.92,231.51,15.19,2593.41,2.03,29.52,24.61,49.69,562.81,68.69,0.03,22.27,1,water_treatment
48.39,121.35,106.67,227.95,52.52,1942.78,3.34,36.28,-9.26,46.73,-184.73,6.93,0.03,30.17,1,water_treatment
59.07,600.0,114.36,230.4,18.15,1838.52,36.02,2.0,18.89,1.0,415.73,7.42,0.02,15.51,1,water_treatment
38.83,105.07,114.76,625.0,16.43,2317.15,43.22,38.96,29.91,65.91,3072.0,9.43,0.02,28.72,1,water_treatment
70.71,129.89,109.67,237.95,23.59,2006.68,1.7,41.19,23.03,62.1,3042.0,101.1,0.449,714.5,1,water_treatment
56.53,118.01,97.24,226.72,90.0,400.0,47.41,46.56,29.67,52.81,3072.0,9.02,0.02,34.25,1,water_treatment
39.29,0.0008,95.81,0.0042,10.45,1574.52,2.56,46.6,0.0094,84.42,573.57,0.0096,0.03,29.44,1,water_treatment
31.78,131.19,124.79,219.56,22.73,2566.58,3.51,39.88,36.66,31.59,7260.0,101.7,0.543,385.4,1,water_treatment
59.91,120.95,82.99,226.59,0.0085,1889.93,0.0077,48.2,31.58,0.0007,456.43,10.82,0.03,35.95,1,water_treatment
54.19,50.42,464.31,740.13,9.64,2041.08,4.25,43.78,36.52,47.4,393.04,10.35,0.15,39.6,1,water_treatment
265.48,103.47,82.8,243.17,9.21,2216.15,2.25,45.59,44.06,46.06,4318.82,60.0,0.02,33.84,1,water_treatment
394.11,107.28,86.93,237.15,92.65,1989.47,3.25,35.97,30.24,62.09,597.23,9.89,0.02,22.49,1,water_treatment
56.03,0.0047,73.7,220.45,0.0022,2489.97,3.6,40.28,0.0036,74.05,476.08,0.0082,0.03,22.3,1,water_treatment
45.41,73.73,105.38,226.66,18.55,2095.22,2.3,49.88,23.39,43.51,6727.0,114.1,0.693,714.9,1,water_treatment
41.2,42.63,78.7,236.2,17.04,1625.35,2.55,30.05,19.44,81.12,6260.0,85.6,0.352,815.6,1,water_treatment
2.0,137.48,3.0,228.13,13.88,2252.98,26.74,47.86,29.86,1.0,556.71,10.11,0.03,18.33,1,water_treatment
39.5,110.13,129.03,625.0,23.3,3544.1,48.41,39.03,40.63,45.32,631.22,7.78,0.03,0.5,1,water_treatment
0.0,111.34,132.04,235.38,19.22,2562.19,3.26,52.09,37.42,74.8,0.0027,9.38,0.02,39.11,1,water_treatment
0.0053,134.97,73.08,228.64,10.5,2128.53,4.5,39.18,25.33,0.0092,668.11,7.1,0.03,0.0032,1,water_treatment
41.6,214.37,-104.0,232.24,5.0,2292.65,2.19,51.59,29.96,-68.74,678.42,25.14,0.04,-24.12,1,water_treatment
48.39,104.4,92.75,0.0075,21.67,2608.9,0.0043,44.85,25.57,79.83,0.0071,10.83,0.02,33.33,1,water_treatment
35.94,92.05,207.72,232.65,20.51,5605.59,4.45,109.67,24.2,34.63,815.18,24.95,0.01,22.61,1,water_treatment
104.4,83.31,100.33,233.39,18.53,5811.59,-1.3,52.98,29.98,186.6,547.26,6.41,0.03,23.85,1,water_treatment
65.2,84.4,615.7,1138.98,10.2,2642.7,16.67,46.52,182.16,53.06,518.26,78.29,0.04,20.96,1,water_treatment
46.65,48.44,67.48,0.0088,14.39,1949.89,1.8,0.0085,28.75,71.64,665.5,10.03,0.03,0.0059,1,water_treatment
29.06,86.35,74.06,196.33,18.11,5737.23,3.97,54.0,27.56,162.76,485.1,-12.13,0.06,100.57,1,water_treatment
255.0,106.38,110.06,223.71,14.31,2991.61,43.29,52.98,29.0,36.19,6.4,14.13,0.02,18.05,1,water_treatment
40.12,129.29,99.53,235.49,16.57,1983.77,4.15,52.77,26.21,39.95,2514.0,67.7,0.506,596.1,1,water_treatment
20.74,500.0,103.8,232.88,75.0,2092.37,26.07,175.0,35.09,39.64,588.23,12.51,0.03,27.76,1,water_treatment
30.72,141.72,65.69,223.98,10.04,2093.66,2.87,45.94,12.63,67.05,4586.0,71.3,0.458,574.9,1,water_treatment
312.62,104.71,494.63,218.5,16.86,1762.91,2.89,30.07,34.47,62.71,303.25,4.21,0.01,39.31,1,water_treatment
132.01,255.39,-32.8,232.06,-12.32,1895.42,2.21,37.08,42.95,-62.35,1580.29,8.95,0.03,24.24,1,water_treatment
52.53,724.44,450.8,234.12,17.68,16644.13,23.16,49.5,19.99,444.26,329.39,11.92,0.04,43.8,1,water_treatment
22.91,106.6,110.86,233.31,18.01,-380.99,2.46,51.61,33.5,40.98,621.78,-18.22,0.11,26.68,1,water_treatment
2.0,104.81,100.06,222.63,20.39,9000.0,38.06,70.0,28.75,300.0,2560.0,16.06,0.02,38.54,1,water_treatment
52.39,99.91,95.19,232.33,18.5,2379.68,3.36,35.95,35.69,55.95,5478.0,90.9,0.495,685.3,1,water_treatment
38.99,134.45,112.61,241.39,25.32,2404.99,2.16,57.82,28.82,41.76,2792.0,97.3,0.736,883.0,1,water_treatment
348.36,79.61,622.51,235.54,13.36,2192.05,2.22,202.27,33.24,41.4,379.51,11.69,0.04,20.21,1,water_treatment
44.78,115.02,121.62,223.33,15.15,1907.64,4.27,41.05,26.56,57.58,7670.0,128.7,0.888,470.6,1,water_treatment
42.36,145.94,104.69,183.44,-5.23,2333.12,1.23,34.82,23.22,-71.33,757.48,12.22,-0.01,27.91,1,water_treatment
212.5,500.0,103.79,221.82,18.28,2285.19,47.13,53.37,41.21,40.81,3072.0,9.33,0.0,125.0,1,water_treatment
57.76,127.99,95.51,238.48,21.58,2671.11,6.91,52.43,74.98,116.49,1539.29,-5.56,-0.03,21.41,1,water_treatment
46.32,113.04,375.76,225.38,77.27,1657.98,3.0,52.6,209.55,47.1,571.24,12.17,0.23,21.04,1,water_treatment
135.62,266.77,107.99,283.5,29.29,5480.17,2.92,40.19,40.95,58.32,485.02,13.96,0.04,29.98,1,water_treatment
38.8,93.65,258.7,283.48,-14.54,-1333.71,2.33,58.65,-29.58,42.15,353.38,18.02,0.08,37.84,1,water_treatment
246.88,117.02,391.99,796.7,19.83,2868.16,1.8,41.36,23.87,440.47,4013.2,10.34,0.03,27.2,1,water_treatment
138.77,93.14,101.21,239.98,13.24,2545.02,2.3,40.41,34.09,-29.11,534.5,10.37,-0.02,26.17,1,water_treatment
37.04,25.0,66.6,228.15,11.61,1629.88,38.22,39.45,27.31,63.83,489.21,0.1,0.04,38.71,1,water_treatment
46.29,75.43,77.0,228.96,0.003,1804.36,2.98,45.57,0.0051,51.41,356.97,0.0009,0.02,36.05,1,water_treatment
52.57,102.87,74.38,237.8,0.0028,0.0002,2.05,0.0079,16.31,62.3,449.48,9.6,0.04,38.25,1,water_treatment
43.53,131.54,74.87,227.63,16.71,2413.12,2.37,43.94,29.65,43.74,7300.0,159.2,0.783,694.3,1,water_treatment
-52.83,106.85,91.45,228.65,11.04,-763.54,1.91,42.13,14.99,55.19,806.94,-11.26,0.03,23.12,1,water_treatment
25.3,105.82,82.96,224.65,17.56,2768.72,2.55,36.6,0.0019,52.32,0.0021,0.0067,0.0096,18.5,1,water_treatment
66.46,104.28,85.23,240.21,11.19,2000.26,2.84,37.46,12.67,44.16,7782.0,103.6,0.769,509.9,1,water_treatment
62.24,121.78,97.44,227.65,19.25,1541.88,1.56,49.2,31.04,27.91,4117.0,63.7,0.664,549.4,1,water_treatment
62.77,155.99,71.66,231.76,17.35,2266.13,2.9,0.0083,18.79,0.0043,815.93,13.61,0.0087,22.04,1,water_treatment
212.5,100.29,87.3,231.27,19.79,2745.03,18.35,51.86,12.82,53.04,3072.0,11.52,0.15,0.5,1,water_treatment
53.54,131.36,82.6,226.16,21.3,0.0086,2.98,63.2,21.72,0.0019,0.0011,16.89,0.02,0.007,1,water_treatment
35.31,93.89,0.0098,222.7,19.83,0.0026,0.0078,45.51,29.75,63.37,0.0098,7.78,0.0,37.05,1,water_treatment
40.98,-82.62,94.36,227.18,20.46,6251.12,-1.71,27.4,22.78,63.11,-822.25,-12.01,0.02,27.57,1,water_treatment
48.32,128.04,106.8,228.86,15.96,2257.32,2.95,47.8,24.89,52.36,2323.0,114.3,0.863,244.4,1,manufacturing
-10.29,336.72,-36.17,279.5,-1.58,2083.41,2.72,35.79,23.66,45.42,1944.59,13.28,0.02,26.03,1,manufacturing
67.65,155.79,125.73,230.59,26.0,2343.89,2.45,49.06,30.82,56.6,4196.0,187.3,0.598,767.3,1,manufacturing
90.0,107.17,52.25,245.37,14.74,1951.97,3.96,46.02,14.3,34.18,6984.0,149.4,0.674,489.5,1,manufacturing
66.16,137.41,113.6,242.46,109.56,2707.94,1.7,243.73,31.7,58.68,495.54,12.71,0.25,161.47,1,manufacturing
-29.81,176.95,105.77,240.06,22.71,2290.79,2.37,50.84,79.07,-28.27,-690.49,30.52,0.02,38.92,1,manufacturing
2.0,189.75,72.06,105.0,21.09,2332.41,39.16,60.33,150.0,61.53,735.46,8.02,0.12,22.61,1,manufacturing
64.97,191.4,3.0,224.55,19.37,1724.56,42.08,33.02,2.5,69.09,687.96,9.4,0.15,125.0,1,manufacturing
8.63,188.57,109.97,233.48,-3.43,2231.0,2.59,46.48,-32.52,64.59,421.52,16.74,-0.05,14.21,1,manufacturing
45.8,71.84,97.45,233.46,19.14,2025.61,3.48,39.94,16.12,68.25,0.0074,5.1,0.01,0.0029,1,manufacturing
35.22,150.51,375.0,105.0,16.07,10800.0,30.92,42.96,27.45,47.64,168.35,15.84,0.03,34.61,1,manufacturing
54.09,101.55,93.37,224.0,23.78,2107.15,18.47,43.2,38.9,300.0,146.33,0.1,0.01,28.46,1,manufacturing
2.0,138.31,73.88,222.54,13.88,2052.13,48.21,28.24,0.5,300.0,711.43,6.5,0.03,150.0,1,manufacturing
62.68,156.17,450.0,223.64,2.5,1658.04,49.82,38.95,22.64,33.98,668.14,7.85,0.02,24.02,1,manufacturing
69.98,150.79,90.26,219.68,20.91,2304.5,16.34,210.0,19.83,300.0,671.5,11.25,0.02,26.71,1,manufacturing
372.35,992.61,51.93,224.39,13.13,1973.92,1.87,29.84,30.79,47.11,652.1,11.37,0.21,16.32,1,manufacturing
51.13,72.84,0.0072,236.47,19.79,2179.56,0.5,43.39,14.43,60.17,555.35,0.0029,0.05,23.35,1,manufacturing
212.5,156.28,103.54,233.14,24.14,1845.71,38.14,39.08,2.5,52.47,2560.0,14.01,0.02,0.5,1,manufacturing
77.08,124.95,103.78,230.27,14.27,1817.49,2.42,52.54,18.18,49.61,7839.0,180.1,0.488,386.0,1,manufacturing
60.16,158.89,51.64,235.83,17.27,2366.32,2.03,54.77,18.42,489.41,667.64,85.87,0.02,242.49,1,manufacturing
6.05,173.95,-71.87,223.86,15.43,2562.38,2.65,49.54,38.35,34.93,585.27,8.25,0.03,89.11,1,manufacturing
49.6,150.79,97.66,228.29,17.31,10800.0,32.83,27.37,34.86,26.46,3072.0,10.32,0.02,14.55,1,manufacturing
68.84,-81.88,-98.91,183.38,23.13,-1544.98,-1.02,41.35,23.99,56.75,1147.67,16.22,0.02,26.35,1,manufacturing
44.91,149.75,73.64,223.85,0.0045,2413.01,0.0009,0.0031,0.0004,54.8,521.04,16.23,0.02,38.56,1,manufacturing
10.0,143.16,79.8,220.41,18.68,1279.52,28.3,41.14,26.39,49.9,756.32,10.89,0.04,125.0,1,manufacturing
59.47,153.09,67.07,228.53,12.54,2100.52,37.33,10.0,34.06,1.0,277.41,50.0,0.02,18.28,1,manufacturing
63.19,117.03,83.89,235.99,18.09,2714.1,2.31,50.35,32.18,80.32,6954.0,57.0,0.587,214.3,1,manufacturing
60.04,145.69,98.11,21.0,26.53,1532.75,46.43,210.0,34.59,300.0,381.62,0.5,0.02,28.38,1,manufacturing
68.13,131.51,76.88,220.61,19.82,400.0,37.35,64.08,36.6,250.0,276.85,0.5,0.12,27.97,1,manufacturing
65.33,75.37,450.0,231.3,19.76,1719.06,19.3,50.19,2.5,60.91,780.12,10.28,0.02,0.5,1,manufacturing
53.78,25.0,85.52,223.55,12.54,2785.91,36.86,28.85,33.68,73.94,568.6,10.91,0.15,20.32,1,manufacturing
62.78,5.0,103.5,225.69,22.66,80.0,46.29,55.65,37.14,300.0,313.97,12.97,0.03,34.37,1,manufacturing
48.14,130.66,73.2,21.0,19.32,1979.34,16.78,210.0,25.76,42.38,32.0,0.5,0.01,20.24,1,manufacturing
53.3,0.0037,69.76,227.5,22.8,2537.13,2.26,0.0032,30.31,0.0016,395.62,0.0005,0.02,12.53,1,manufacturing
62.57,127.46,56.68,284.42,16.5,-2354.27,2.6,52.15,75.94,36.12,-737.29,10.21,0.07,27.0,1,manufacturing
64.83,149.24,99.23,238.83,21.26,3369.64,4.09,42.61,37.55,34.64,5831.0,58.3,0.842,661.6,1,manufacturing
397.37,167.07,88.23,224.91,89.1,9300.71,13.72,49.2,21.82,48.7,594.83,9.83,0.03,187.16,1,manufacturing
44.73,141.22,119.95,226.76,20.35,2211.68,4.06,40.9,27.83,56.82,368.9,54.06,0.14,159.6,1,manufacturing
45.85,166.9,58.87,229.95,19.19,2485.19,3.08,296.54,245.47,53.05,651.23,10.72,0.03,25.07,1,manufacturing
42.44,136.46,74.41,240.59,20.57,1872.3,0.001,32.1,0.0021,55.29,642.78,0.0033,0.01,0.0042,1,manufacturing
63.18,126.47,95.12,238.24,21.54,2169.36,2.62,40.32,26.57,69.57,4563.0,146.8,0.317,736.6,1,manufacturing
45.25,97.42,226.94,278.59,23.19,2573.81,3.35,51.1,16.2,-60.88,622.38,8.34,0.02,38.15,1,manufacturing
65.03,119.83,0.0053,232.02,11.88,0.0002,2.21,49.13,36.42,64.08,888.33,11.83,0.03,25.52,1,manufacturing
395.79,788.05,88.33,223.05,87.52,1679.16,3.47,38.58,30.57,78.8,418.32,13.08,0.05,28.97,1,manufacturing
65.27,145.26,78.58,229.57,14.31,2310.65,1.94,43.24,25.79,54.86,3606.0,163.9,0.33,260.2,1,manufacturing
48.38,128.91,93.4,0.0009,0.0031,0.0036,3.48,46.67,35.08,27.68,721.95,9.11,0.04,28.7,1,manufacturing
52.49,120.48,77.46,236.4,19.62,1901.95,45.27,48.11,150.0,68.95,651.7,13.37,0.15,32.91,1,manufacturing
77.81,137.36,49.39,232.53,8.5,10800.0,46.74,175.0,32.37,29.88,2560.0,7.57,0.03,16.11,1,manufacturing
53.01,0.008,79.72,237.46,18.96,0.0072,2.55,59.73,17.99,0.0082,905.02,16.56,0.04,30.82,1,manufacturing
212.5,135.67,122.27,227.06,9.25,2247.88,34.94,44.63,16.85,52.81,6.4,16.07,0.03,2.5,1,manufacturing
58.78,150.21,0.0062,231.16,15.29,2136.35,2.16,45.3,32.58,41.8,0.006,0.0033,0.0004,30.62,1,manufacturing
53.84,139.06,119.87,197.63,53.12,4083.39,2.26,30.24,23.17,56.76,405.87,9.51,0.03,31.8,1,manufacturing
42.98,158.35,73.78,230.83,18.83,2311.37,43.95,175.0,0.5,300.0,427.35,10.52,0.0,30.56,1,manufacturing
262.87,110.04,75.96,228.69,147.35,2930.58,3.58,46.55,34.02,454.32,620.45,5.44,0.02,33.71,1,manufacturing
60.94,119.54,109.65,231.4,14.88,2080.93,3.54,31.7,20.73,67.05,7253.0,148.3,0.32,856.9,1,manufacturing
53.56,116.49,97.0,240.26,17.73,1865.84,2.36,39.02,28.77,61.18,3730.0,116.5,0.871,888.2,1,manufacturing
357.25,103.52,66.35,234.24,14.62,10874.45,3.02,53.93,24.58,79.07,662.48,10.22,0.03,33.62,1,manufacturing
52.49,778.28,86.48,229.36,94.36,11898.63,3.57,50.05,25.25,45.65,604.93,14.28,0.01,25.68,1,manufacturing
72.66,114.74,110.79,230.51,11.44,1584.23,4.31,50.39,25.44,48.81,4128.0,136.9,0.696,484.5,1,manufacturing
52.73,116.84,80.48,216.93,14.67,2260.2,2.3,37.84,41.82,31.99,5114.0,106.3,0.545,789.2,1,manufacturing
180.31,120.0,-36.72,267.79,21.05,391.13,2.1,33.37,85.15,34.34,433.0,14.68,0.02,-10.54,1,manufacturing
75.89,130.39,70.66,625.0,0.5,1826.02,16.64,53.03,25.24,34.3,500.03,0.1,0.01,36.97,1,manufacturing
60.04,140.06,99.35,224.13,25.37,0.006,1.63,0.0016,32.02,0.0063,304.44,0.0013,0.02,22.28,1,manufacturing
66.31,127.44,96.69,221.51,15.02,2253.41,3.31,37.48,36.4,34.9,3888.0,171.0,0.532,646.9,1,manufacturing
61.91,0.0025,93.26,233.6,0.004,1766.82,2.42,40.03,25.28,62.09,651.9,0.0025,0.0076,35.56,1,manufacturing
46.3,124.44,0.0074,218.22,16.43,2335.88,0.0094,0.0046,35.39,56.54,578.11,10.07,0.04,35.9,1,manufacturing
49.62,107.12,278.11,278.35,26.3,2622.86,1.68,50.48,20.29,53.62,402.91,34.33,0.09,78.53,1,manufacturing
62.06,0.0066,31.1,0.0011,23.4,0.0042,0.0041,37.86,20.06,83.02,703.62,9.51,0.03,23.04,1,manufacturing
61.58,128.05,77.44,225.6,19.46,16997.23,13.61,269.05,24.1,28.87,2933.98,8.79,0.03,188.53,1,manufacturing
57.89,305.44,84.0,231.24,16.85,5483.49,6.04,42.73,29.34,57.09,1890.89,15.67,0.02,-31.16,1,manufacturing
0.0034,191.1,0.0067,235.0,16.16,1703.31,2.93,40.64,32.38,58.58,1024.0,0.0014,0.02,27.01,1,manufacturing
51.54,651.15,622.38,237.4,16.54,2135.43,14.31,55.23,25.97,77.62,2908.94,11.59,0.01,156.29,1,manufacturing
72.77,672.43,99.12,228.72,19.13,2888.7,1.62,57.93,164.53,52.26,2969.14,98.39,0.03,198.98,1,manufacturing
230.3,129.59,522.63,220.71,9.08,2253.7,3.21,48.09,23.07,65.32,831.15,50.57,0.16,176.42,1,manufacturing
38.25,0.0075,128.64,223.03,20.14,0.0083,1.68,53.13,26.73,50.79,583.82,9.99,0.02,33.98,1,manufacturing
129.33,154.61,150.0,239.0,13.14,2197.05,-1.52,-14.84,29.41,33.91,656.09,-5.68,0.02,89.82,1,manufacturing
0.0044,153.23,133.45,214.6,13.02,0.0019,0.0062,51.13,32.46,43.45,572.78,5.41,0.0027,24.39,1,manufacturing
54.09,889.92,79.63,889.39,18.82,1515.85,14.61,41.64,131.98,18.75,630.25,12.92,0.02,34.27,1,manufacturing
56.97,525.82,667.21,845.75,18.16,13507.74,2.88,43.4,29.31,72.62,422.85,12.22,0.23,33.61,1,manufacturing
52.09,145.99,99.79,229.03,21.5,2149.22,2.51,206.5,34.3,62.09,418.9,61.61,0.03,36.63,1,manufacturing
346.71,157.92,90.82,219.85,121.41,2080.8,19.3,180.31,27.41,343.09,821.64,16.72,0.02,27.58,1,manufacturing
51.35,112.19,84.84,231.12,14.14,3188.18,3.56,36.47,37.77,45.38,3902.0,110.9,0.323,635.5,1,manufacturing
50.7,106.23,107.05,214.01,21.66,2427.17,3.08,48.82,31.04,59.05,4838.0,90.6,0.463,213.7,1,manufacturing
55.96,114.42,73.96,237.87,16.38,2617.5,1.94,44.76,31.05,51.96,3218.0,57.6,0.807,822.4,1,manufacturing
46.67,25.0,109.3,21.0,26.34,1900.24,38.15,46.48,14.82,55.71,582.6,10.43,0.03,16.2,1,manufacturing
47.15,757.95,583.01,232.37,24.78,1794.59,17.83,50.34,31.95,37.57,596.11,9.9,0.02,157.75,1,manufacturing
38.4,296.77,192.87,226.07,-11.9,2245.9,2.65,39.95,-5.42,39.54,-929.72,6.06,-0.01,29.23,1,manufacturing
-28.37,119.16,76.1,227.95,5.58,1906.1,-1.69,48.36,23.35,-76.96,828.45,30.76,0.02,18.01,1,manufacturing
0.0052,0.0016,97.28,225.57,8.21,1816.4,0.0093,29.26,28.7,65.88,612.76,10.09,0.03,26.15,1,manufacturing
54.46,631.45,82.88,233.36,14.85,15832.61,15.08,48.23,31.46,53.69,523.09,10.13,0.01,36.5,1,manufacturing
0.02,153.5,264.96,227.66,15.68,6365.18,-2.21,45.14,26.88,86.19,497.29,9.68,0.06,18.97,1,manufacturing
62.73,190.8,81.36,223.74,15.67,1797.48,1.93,45.81,22.26,51.82,3092.0,110.9,0.463,900.8,1,manufacturing
231.23,98.19,126.48,233.09,13.45,9785.0,1.28,253.97,192.43,69.48,428.63,7.54,0.01,237.22,1,manufacturing
54.1,161.5,106.51,0.0055,0.0032,1926.21,2.57,60.14,30.1,64.62,781.37,0.0086,0.03,23.57,1,manufacturing
62.48,0.0078,89.7,234.42,0.0002,1807.12,2.46,44.26,13.91,41.33,759.86,8.05,0.04,24.51,1,manufacturing
37.81,176.91,71.76,625.0,16.13,2465.75,32.54,48.39,0.5,250.0,282.63,13.98,0.0,27.65,1,manufacturing
47.41,82.19,138.93,230.14,17.74,2173.72,0.0094,51.72,27.84,54.98,0.0027,10.1,0.0003,0.0088,1,manufacturing
72.03,139.73,86.69,221.44,19.82,2338.33,2.03,57.32,16.97,30.81,2424.0,89.0,0.59,784.6,1,manufacturing
68.8,135.33,83.94,230.72,23.56,2050.97,3.02,42.85,23.65,24.73,6228.0,105.4,0.402,732.2,1,manufacturing
65.83,826.74,105.01,1044.78,15.08,2230.5,3.45,52.0,26.68,92.89,829.17,3.42,0.23,31.37,1,manufacturing
61.31,-47.45,81.82,191.74,13.91,2084.84,2.84,52.96,90.75,30.33,-249.56,14.21,0.03,33.19,1,manufacturing
76.34,134.95,524.31,225.05,18.56,13609.57,1.9,51.96,40.41,66.14,4251.78,4.72,0.02,22.82,1,manufacturing
60.27,130.93,88.54,235.53,11.76,2702.79,2.23,54.53,27.45,69.26,3191.0,71.8,0.381,339.1,1,manufacturing
61.06,156.56,71.74,213.37,16.88,2592.1,1.81,39.76,32.36,46.52,6648.0,132.1,0.683,249.3,1,manufacturing
64.13,157.3,568.16,233.01,85.38,1860.52,2.62,33.15,23.94,45.76,539.32,12.41,0.03,17.56,1,manufacturing
54.89,561.73,676.62,232.03,20.34,2551.39,3.6,229.68,32.83,37.66,593.6,9.33,0.01,176.02,1,manufacturing
51.13,80.12,114.79,221.37,19.31,2279.02,2.76,56.05,35.65,41.37,8042.0,91.9,0.38,841.0,1,manufacturing
45.51,110.11,92.78,241.74,13.29,2424.97,2.76,34.87,30.26,65.05,3397.0,68.1,0.341,536.8,1,manufacturing
-35.67,11.35,86.15,233.15,8.38,-1819.49,3.73,62.46,46.47,53.27,-495.48,13.67,0.02,26.77,1,manufacturing
-13.18,292.5,233.63,284.86,12.66,1675.58,3.94,106.71,30.09,48.32,-692.25,9.57,0.03,22.31,1,manufacturing
68.18,144.37,105.48,0.0015,16.36,2923.35,1.03,41.46,23.53,37.64,651.51,7.22,0.02,0.0034,1,manufacturing
0.0065,0.0032,78.68,245.32,0.0074,1906.65,2.95,41.69,28.88,59.11,555.99,0.0023,0.03,16.3,1,manufacturing
0.0092,123.11,115.77,232.16,0.0083,1730.85,3.59,63.58,27.12,37.59,0.0051,11.31,0.03,33.99,1,manufacturing
66.94,148.04,72.29,1120.04,15.01,2661.5,20.16,275.87,35.93,59.56,316.98,7.38,0.02,10.84,1,manufacturing
63.41,133.78,137.09,234.92,16.08,1215.68,2.6,47.86,21.22,23.27,3548.0,199.9,0.88,211.9,1,manufacturing
74.09,135.02,91.68,236.02,9.84,2283.57,1.34,50.72,0.0049,49.93,569.8,8.14,0.0092,0.0003,1,manufacturing
37.96,150.83,95.07,230.64,19.14,2859.87,0.83,30.14,23.34,56.3,3917.0,188.0,0.781,239.6,1,manufacturing
54.77,159.42,82.91,783.37,15.72,1848.54,18.18,188.25,34.59,418.35,4144.22,10.5,0.02,38.34,1,manufacturing
72.84,139.03,58.31,228.57,18.65,2456.22,3.19,41.99,37.71,26.43,-1015.65,6.74,-0.01,99.37,1,manufacturing
56.51,136.76,71.57,236.68,18.71,2336.71,4.04,48.52,184.72,50.74,293.46,15.28,0.19,24.1,1,manufacturing
51.96,135.72,0.0055,230.72,21.28,2465.84,2.96,43.83,28.12,39.63,505.2,0.0011,0.03,19.5,1,manufacturing
81.84,120.44,0.0011,228.77,0.0077,2973.9,4.79,54.47,36.93,92.72,461.14,0.0094,0.03,26.13,1,manufacturing
54.04,156.22,64.04,1188.66,15.65,14925.84,2.9,52.01,19.43,362.05,579.83,59.06,0.04,38.63,1,manufacturing
71.1,118.69,88.68,0.0073,0.001,2417.54,3.49,0.0067,37.28,54.36,621.86,0.0088,0.03,13.26,1,manufacturing
51.24,186.24,96.67,216.59,14.53,2018.76,3.12,48.18,37.63,55.39,3793.0,102.1,0.389,883.6,1,manufacturing
67.19,184.94,65.71,105.0,21.97,1309.97,49.69,45.31,27.75,69.19,520.59,0.5,0.03,0.5,1,chemical_facility
66.64,172.55,91.23,227.34,22.89,3023.96,2.84,30.76,24.48,48.77,3347.0,110.1,0.824,322.9,1,chemical_facility
72.66,123.01,137.9,217.07,16.22,2645.7,2.64,46.77,26.16,67.44,4111.0,54.9,0.411,826.6,1,chemical_facility
91.28,191.35,89.89,230.1,19.84,0.0094,1.69,0.0009,0.0073,0.0068,787.39,13.14,0.01,34.93,1,chemical_facility
79.33,133.4,96.35,0.0066,0.0058,2279.61,3.16,50.12,14.96,0.0085,546.89,9.59,0.02,0.0011,1,chemical_facility
0.0092,163.34,71.54,238.0,18.57,0.0036,2.13,29.67,23.73,53.86,567.2,8.85,0.04,35.21,1,chemical_facility
66.81,193.85,74.78,219.42,16.9,1272.72,4.2,45.29,28.65,56.22,3240.0,144.6,0.47,781.9,1,chemical_facility
85.94,168.88,-73.67,232.57,43.36,3241.74,8.7,-8.38,33.02,165.88,586.78,8.3,0.03,37.79,1,chemical_facility
71.75,500.0,74.22,229.54,16.48,1453.22,41.9,52.96,26.94,300.0,6.4,0.1,0.02,24.3,1,chemical_facility
212.5,500.0,70.72,228.68,20.29,2048.17,49.95,42.24,150.0,42.42,397.18,5.41,0.03,150.0,1,chemical_facility
-12.12,190.83,96.37,282.67,24.59,2165.65,3.18,50.92,78.66,53.36,561.77,5.35,-0.03,23.04,1,chemical_facility
94.6,208.45,86.9,227.96,17.74,2442.09,3.02,43.53,211.26,26.76,388.35,10.55,0.02,168.3,1,chemical_facility
66.85,162.19,91.59,227.73,103.23,2274.05,20.02,224.13,27.26,47.41,606.88,8.02,0.03,27.99,1,chemical_facility
46.05,182.1,3.0,237.43,21.3,2864.39,48.5,44.43,19.31,250.0,335.6,14.29,0.15,150.0,1,chemical_facility
87.8,185.27,226.46,271.21,51.21,1823.97,8.04,54.26,22.36,78.49,561.67,-18.41,0.01,27.66,1,chemical_facility
255.0,178.79,66.6,231.31,10.8,2876.39,34.38,2.0,0.5,42.73,664.42,7.61,0.01,30.66,1,chemical_facility
255.0,214.44,73.62,241.31,19.29,2523.46,43.11,44.82,150.0,38.43,240.6,15.79,0.0,19.28,1,chemical_facility
-23.89,146.66,120.52,289.13,52.83,1876.83,1.94,49.69,22.49,40.3,1924.01,10.26,0.08,34.35,1,chemical_facility
75.13,238.04,3.0,236.86,20.69,1986.22,19.33,45.22,27.33,42.99,6.4,0.1,0.04,31.38,1,chemical_facility
130.75,174.53,221.1,227.03,11.59,5656.45,10.3,27.25,28.66,38.49,1726.2,5.5,0.0,28.28,1,chemical_facility
70.31,-38.89,71.78,281.56,-8.22,2038.71,3.68,55.04,86.11,-69.05,432.22,-3.67,0.02,26.89,1,chemical_facility
0.0068,188.86,67.61,226.34,19.49,1957.61,2.35,32.27,29.62,54.95,0.0076,0.0052,0.0097,26.95,1,chemical_facility
77.55,210.43,81.22,227.2,17.17,2319.4,2.17,48.03,0.004,0.0042,592.34,18.93,0.01,24.48,1,chemical_facility
75.01,127.62,450.0,232.49,23.98,80.0,17.39,40.35,27.68,68.7,32.0,11.76,0.02,38.1,1,chemical_facility
80.44,133.41,45.99,223.55,13.85,1936.2,19.94,40.45,150.0,57.42,2560.0,16.02,0.01,25.06,1,chemical_facility
88.82,200.22,137.32,225.88,17.78,2433.27,3.29,27.43,20.58,58.02,5412.0,146.3,0.619,309.0,1,chemical_facility
101.94,225.34,77.2,230.61,21.58,2056.23,3.49,35.63,34.44,50.79,7948.0,134.8,0.894,924.8,1,chemical_facility
68.27,199.09,98.68,857.76,21.22,2663.83,3.35,39.59,168.72,34.98,201.29,74.86,0.03,144.49,1,chemical_facility
72.46,173.98,80.71,235.23,13.43,2928.76,1.73,49.59,32.56,45.79,7237.0,53.9,0.777,803.3,1,chemical_facility
81.3,178.95,103.84,222.62,15.52,10800.0,30.05,34.68,22.05,74.22,569.72,14.0,0.0,20.89,1,chemical_facility
168.16,202.97,87.03,189.12,19.41,2296.92,-1.64,47.19,36.67,44.22,497.85,34.29,0.04,37.71,1,chemical_facility
88.65,181.45,128.14,237.81,19.39,10800.0,37.46,40.3,12.84,43.26,392.11,13.51,0.01,125.0,1,chemical_facility
66.28,600.0,118.2,239.15,13.48,1748.19,34.79,210.0,28.86,83.07,384.49,8.81,0.0,150.0,1,chemical_facility
78.97,600.0,92.06,230.25,2.5,1160.16,32.41,49.84,31.14,49.79,712.55,11.99,0.03,35.71,1,chemical_facility
74.66,140.55,73.67,236.19,25.09,1557.04,2.66,39.03,27.22,55.57,7928.0,65.1,0.515,518.4,1,chemical_facility
296.77,178.01,88.0,225.32,20.39,2017.28,1.83,37.99,35.76,64.28,488.76,12.75,0.22,18.04,1,chemical_facility
76.54,172.69,86.91,228.94,20.03,6429.14,3.58,46.96,30.87,49.36,2011.09,10.12,-0.04,26.41,1,chemical_facility
5.74,312.45,112.63,229.33,-12.84,1868.54,3.64,49.63,77.25,61.36,368.41,10.05,0.09,22.07,1,chemical_facility
68.55,149.72,110.35,233.87,15.18,1962.84,-2.17,39.93,72.9,-35.97,828.03,7.94,0.03,-36.48,1,chemical_facility
0.0019,0.0033,116.09,226.49,11.5,2033.87,0.0065,0.0039,25.85,75.01,629.25,12.41,0.03,36.96,1,chemical_facility
65.54,143.23,0.0024,233.02,11.43,0.0064,2.03,42.83,18.87,93.63,537.97,6.86,0.02,0.0003,1,chemical_facility
65.77,176.26,94.25,232.33,23.76,1345.79,1.41,36.65,0.0015,10.0,893.55,11.57,0.0067,0.0038,1,chemical_facility
91.85,149.62,127.16,236.27,13.79,2203.7,31.38,26.77,35.62,250.0,3072.0,0.5,0.03,20.55,1,chemical_facility
66.25,145.04,94.45,229.59,22.7,2697.47,3.42,42.74,25.51,67.96,5471.0,165.5,0.744,480.8,1,chemical_facility
0.0099,183.41,99.61,229.66,14.81,1794.83,2.14,49.26,24.34,72.27,573.05,0.0021,0.04,26.19,1,chemical_facility
82.66,631.78,131.8,650.85,10.47,1599.41,20.14,202.54,20.99,81.17,499.25,14.34,0.25,25.92,1,chemical_facility
71.75,235.69,111.55,1042.28,87.94,2268.94,3.18,41.25,142.25,27.85,539.34,4.4,0.02,22.78,1,chemical_facility
67.17,196.83,82.72,239.33,14.68,1795.8,4.15,35.06,40.61,42.13,3493.0,82.7,0.433,465.7,1,chemical_facility
76.04,173.29,120.65,236.04,16.96,0.0032,3.16,40.61,0.0066,34.2,577.49,11.14,0.0063,15.42,1,chemical_facility
100.6,25.0,72.64,239.23,18.34,1722.57,27.25,41.65,30.23,5.0,756.57,10.23,0.02,13.31,1,chemical_facility
0.0055,158.84,89.74,0.0071,20.11,0.0057,0.0074,58.36,19.36,62.88,695.7,11.61,0.02,31.19,1,chemical_facility
-16.17,176.6,94.25,222.32,16.96,5069.57,2.84,46.11,38.11,32.21,422.73,12.45,0.03,85.64,1,chemical_facility
66.5,150.82,130.56,286.69,23.03,1360.62,2.65,109.21,30.65,44.55,550.68,2.75,0.02,-24.44,1,chemical_facility
96.74,213.62,193.61,241.63,17.97,2260.76,3.15,-34.49,9.47,56.95,347.81,16.88,-0.05,87.5,1,chemical_facility
140.64,54.26,74.03,236.24,20.41,6285.37,3.23,102.98,97.29,57.76,451.84,24.36,0.04,41.71,1,chemical_facility
89.16,190.96,56.89,216.99,8.48,1831.41,2.56,46.66,14.46,75.8,3311.0,177.0,0.608,791.4,1,chemical_facility
70.24,156.87,92.36,215.92,21.35,15442.45,1.84,42.72,28.57,433.73,3821.17,15.89,0.0,21.24,1,chemical_facility
80.09,190.01,85.03,0.004,0.0089,1623.62,2.8,41.41,0.0061,59.58,395.17,9.32,0.02,24.2,1,chemical_facility
73.91,0.0057,39.69,232.39,15.51,1564.35,2.12,41.37,39.89,0.0006,424.12,9.12,0.01,26.92,1,chemical_facility
54.05,157.94,58.88,226.93,19.71,1523.05,2.46,47.2,21.97,62.29,7409.0,76.8,0.676,398.1,1,chemical_facility
74.56,735.48,99.27,227.22,135.55,2378.64,21.44,329.6,26.07,55.1,674.87,61.09,0.04,29.65,1,chemical_facility
71.8,206.21,108.8,225.08,16.81,1524.91,40.23,43.79,150.0,5.0,605.25,10.31,0.04,0.5,1,chemical_facility
77.24,0.0031,101.81,233.7,20.3,0.0038,2.72,34.46,36.09,48.98,681.77,10.46,0.0025,10.51,1,chemical_facility
90.83,59.06,87.35,262.88,19.45,2936.15,-1.83,58.21,-15.31,59.37,631.85,35.15,0.02,24.74,1,chemical_facility
72.4,158.23,89.12,275.51,45.92,2882.64,3.59,106.49,30.81,125.41,546.63,15.23,0.0,33.5,1,chemical_facility
68.75,181.36,94.68,231.87,9.42,2323.13,3.58,297.4,24.57,39.45,3590.95,14.13,0.02,16.97,1,chemical_facility
268.95,192.43,102.41,741.59,13.76,1682.27,3.27,302.89,23.04,51.79,3526.78,88.88,0.02,17.69,1,chemical_facility
212.5,198.23,112.2,215.49,15.09,2208.51,45.32,210.0,28.07,59.03,485.09,50.0,0.0,34.42,1,chemical_facility
70.91,150.76,75.59,218.76,13.91,1713.86,38.27,44.82,38.28,43.13,438.64,11.67,0.03,150.0,1,chemical_facility
2.0,178.19,61.96,222.4,20.05,2404.22,24.73,175.0,22.98,64.93,816.79,12.77,0.0,30.94,1,chemical_facility
83.88,500.0,40.02,21.0,2.5,2204.54,35.0,34.83,19.15,71.98,421.44,7.38,0.02,150.0,1,chemical_facility
87.84,179.38,86.68,233.02,16.97,1934.07,4.09,39.83,16.91,0.0096,0.0025,8.71,0.0025,14.43,1,chemical_facility
80.84,146.15,226.78,283.38,17.84,5174.8,3.03,50.97,64.65,64.68,582.68,5.17,0.03,27.24,1,chemical_facility
71.46,162.47,0.0034,237.0,19.55,1986.77,4.02,0.0063,38.4,0.0056,656.71,8.05,0.02,0.0088,1,chemical_facility
82.52,162.92,77.75,232.18,9.26,2888.17,2.36,48.67,17.24,40.32,6075.0,135.0,0.789,851.5,1,chemical_facility
83.93,173.92,64.55,231.92,0.0042,1839.65,2.28,0.0047,0.0092,63.64,246.07,5.82,0.03,20.7,1,chemical_facility
66.29,209.2,75.66,240.02,17.16,2821.23,3.63,37.27,36.04,52.18,6664.0,164.2,0.786,901.4,1,chemical_facility
57.05,162.21,99.91,230.52,19.1,13403.86,1.15,51.35,219.86,413.48,484.21,10.61,0.02,192.67,1,chemical_facility
63.38,0.0078,101.24,0.0061,22.63,0.0087,4.5,37.98,30.25,43.89,499.76,11.31,0.02,34.96,1,chemical_facility
76.23,323.14,108.26,233.01,18.71,2113.07,2.43,50.44,30.0,-71.14,596.74,25.08,0.02,-26.66,1,chemical_facility
79.94,216.12,101.37,226.73,12.74,1682.33,20.33,34.26,29.17,63.9,451.35,7.05,0.18,28.23,1,chemical_facility
0.0099,180.76,91.38,228.21,24.27,2133.6,2.9,54.77,18.39,53.49,416.69,14.2,0.006,22.06,1,chemical_facility
72.24,156.47,99.66,220.31,21.3,2409.04,25.57,62.18,24.7,5.0,470.16,10.17,0.15,37.65,1,chemical_facility
81.67,176.13,0.0005,224.37,20.22,2642.37,0.0095,0.0018,28.91,51.02,725.41,8.97,0.03,19.38,1,chemical_facility
141.82,163.01,92.57,224.81,18.27,2815.85,2.49,59.53,-25.91,74.81,536.61,8.11,0.04,109.25,1,chemical_facility
97.73,163.86,67.7,231.11,20.17,2764.66,2.55,39.25,18.44,50.86,2992.0,167.7,0.364,827.4,1,chemical_facility
74.08,206.57,64.64,233.5,21.46,1584.66,30.63,10.0,22.75,51.85,981.51,12.92,0.03,0.5,1,chemical_facility
0.0034,166.21,64.82,228.42,13.9,2781.68,1.13,0.0073,32.48,59.9,314.42,0.0044,0.0039,21.04,1,chemical_facility
78.26,178.6,88.4,238.15,18.6,2150.45,2.7,51.75,29.97,43.86,6735.0,158.9,0.897,935.0,1,chemical_facility
75.17,748.58,99.94,229.52,19.17,2394.06,3.76,53.79,28.87,59.77,4434.95,11.83,0.17,29.18,1,chemical_facility
72.52,154.56,0.0024,230.34,0.006,0.0052,2.04,0.0043,26.51,42.9,540.17,15.94,0.02,31.78,1,chemical_facility
61.02,188.11,90.79,212.17,2.5,2362.27,28.47,40.71,21.82,55.52,511.13,7.17,0.03,35.67,1,chemical_facility
62.86,155.5,65.09,1171.22,148.08,1744.99,19.71,62.16,235.76,34.17,519.93,7.27,0.02,25.27,1,chemical_facility
84.37,170.94,0.0063,234.62,23.75,1769.26,3.26,36.42,28.32,58.41,427.82,6.81,0.02,0.006,1,chemical_facility
79.56,147.53,70.0,105.0,0.5,2650.7,21.15,42.18,37.85,53.14,825.24,7.22,0.02,24.32,1,chemical_facility
85.03,132.76,89.83,885.15,79.44,1527.91,2.65,60.23,20.88,274.36,176.19,16.72,0.03,34.81,1,chemical_facility
86.57,187.86,584.5,1161.78,17.74,2169.76,13.09,289.56,21.03,63.63,684.1,9.66,0.02,34.96,1,chemical_facility
74.94,131.57,103.65,956.83,15.27,1748.24,2.33,44.26,29.13,40.75,805.66,7.97,0.0,231.64,1,chemical_facility
94.54,180.96,119.96,231.88,17.8,1936.2,43.57,53.38,125.0,60.8,264.45,8.14,0.0,0.5,1,chemical_facility
229.23,887.3,91.31,226.27,21.35,2858.53,3.46,43.92,242.85,48.62,646.95,13.13,0.03,34.51,1,chemical_facility
255.0,186.98,83.63,231.68,13.67,2691.0,43.5,49.17,23.52,300.0,422.26,0.1,0.03,18.45,1,chemical_facility
90.55,342.18,91.91,224.12,39.73,2344.75,2.69,-7.02,27.89,42.29,-756.65,36.28,0.02,26.31,1,chemical_facility
76.6,957.42,114.57,216.2,17.25,2344.29,2.56,50.08,191.87,61.15,681.27,11.03,0.02,196.6,1,chemical_facility
86.76,183.98,97.45,234.25,16.82,0.0032,3.56,0.0007,19.14,52.2,433.89,11.24,0.03,31.56,1,chemical_facility
92.18,192.46,87.69,227.87,-15.43,4833.45,2.39,71.06,11.78,79.8,-852.98,28.93,-0.01,37.93,1,chemical_facility
118.74,193.67,239.94,228.22,17.63,1348.96,9.54,36.94,27.79,-89.02,1601.91,12.8,0.02,35.12,1,chemical_facility
71.1,345.64,124.19,228.7,16.09,2692.45,1.38,51.52,56.34,194.84,340.32,9.04,0.02,26.98,1,chemical_facility
81.96,180.8,0.0093,0.0061,15.61,0.0084,2.46,49.99,29.75,67.67,712.21,7.6,0.03,18.22,1,chemical_facility
76.73,195.91,98.22,230.32,16.17,1905.12,32.01,175.0,37.99,250.0,613.19,14.06,0.02,24.81,1,chemical_facility
81.48,950.81,71.25,225.73,17.4,2650.76,3.16,250.53,31.28,44.88,657.32,15.39,0.03,35.09,1,chemical_facility
64.34,168.63,123.6,219.26,10.33,2408.91,0.0083,57.37,34.75,46.86,675.89,14.55,0.03,0.002,1,chemical_facility
70.27,200.35,732.29,819.51,24.99,2227.67,2.39,50.62,140.16,62.35,493.66,13.35,0.21,162.65,1,chemical_facility
0.0055,109.49,0.0037,225.82,17.82,2356.4,2.69,0.0064,33.48,52.55,725.08,5.58,0.0025,21.44,1,chemical_facility
81.23,157.92,103.85,222.84,90.0,2229.23,28.91,41.9,20.07,51.25,288.43,12.44,0.02,150.0,1,chemical_facility
55.97,177.1,0.0066,214.91,20.84,2249.51,1.99,52.68,0.0067,85.66,0.001,8.65,0.02,0.0059,1,chemical_facility
74.03,156.38,481.77,1205.15,14.08,1538.45,18.25,39.73,24.75,36.19,716.68,14.79,0.25,33.23,1,chemical_facility
88.23,122.6,645.22,230.66,113.01,2340.52,2.44,38.11,244.59,55.99,751.91,8.0,0.02,30.78,1,chemical_facility
83.16,182.4,87.33,230.61,17.31,1884.43,3.07,63.64,32.66,45.72,2680.0,170.9,0.578,371.7,1,chemical_facility
87.75,0.0066,110.75,228.75,0.002,1913.39,2.32,39.97,26.41,40.18,0.0083,5.68,0.0063,21.22,1,chemical_facility
62.03,139.11,114.54,225.96,0.5,1772.87,22.81,37.64,19.65,45.96,3072.0,9.51,0.02,30.09,1,chemical_facility
63.96,500.0,69.51,226.72,16.3,2720.9,21.52,58.55,150.0,73.2,471.94,14.61,0.02,21.11,1,chemical_facility
83.18,171.89,90.98,233.11,21.86,2377.39,23.22,210.0,32.33,5.0,721.97,13.42,0.03,31.37,1,chemical_facility
69.19,500.0,60.96,222.53,2.5,1452.41,18.04,60.6,42.09,250.0,476.9,9.03,0.01,125.0,1,chemical_facility
90.27,816.89,406.65,222.21,11.65,2314.86,2.43,38.79,21.63,58.1,364.99,9.97,0.01,24.4,1,chemical_facility
70.87,157.17,61.73,224.62,0.0031,0.0082,0.0098,37.15,29.83,0.0074,572.29,13.18,0.03,13.62,1,chemical_facility
